SeqID	Pos	Ref	Alt	Genes	GeneLen
ARO_3003163	501	C	T	ARO_3001904	876
ARO_3003163	506	C	A	ARO_3001904	876
ARO_3003163	508	C	A	ARO_3001904	876
ARO_3003163	725	G	A	ARO_3001904	876
ARO_3003163	848	G	C	ARO_3001904	876
ARO_3003163	849	C	G	ARO_3001904	876
ARO_3003163	21	C	T	ARO_3001919	876
ARO_3003163	138	C	A	ARO_3001919	876
ARO_3003163	239	C	T	ARO_3001919	876
ARO_3003163	313	C	T	ARO_3001919	876
ARO_3003163	315	T	G	ARO_3001919	876
ARO_3003163	349	A	G	ARO_3001919	876
ARO_3003163	427	G	T	ARO_3001919	876
ARO_3003163	501	C	T	ARO_3001919	876
ARO_3003163	506	C	A	ARO_3001919	876
ARO_3003163	508	C	A	ARO_3001919	876
ARO_3003163	582	G	T	ARO_3001919	876
ARO_3003163	609	C	T	ARO_3001919	876
ARO_3003163	725	G	A	ARO_3001919	876
ARO_3003163	848	G	C	ARO_3001919	876
ARO_3003163	849	C	G	ARO_3001919	876
ARO_3003163	865	G	A	ARO_3001919	876
ARO_3003163	501	C	T	ARO_3001948	876
ARO_3003163	506	C	A	ARO_3001948	876
ARO_3003163	830	G	A	ARO_3001948	876
ARO_3003163	848	G	C	ARO_3001948	876
ARO_3003163	849	C	G	ARO_3001948	876
ARO_3003163	116	A	G	ARO_3001874	846
ARO_3003163	365	T	C	ARO_3001874	846
ARO_3003163	501	C	T	ARO_3001874	846
ARO_3003163	506	C	A	ARO_3001874	846
ARO_3003163	687	T	C	ARO_3001874	846
ARO_3003163	725	G	A	ARO_3001874	846
ARO_3003163	832	G	C	ARO_3001874	846
ARO_3003163	847	G	-	ARO_3001874	846
ARO_3003163	848	G	-	ARO_3001874	846
ARO_3003163	849	C	-	ARO_3001874	846
ARO_3003163	850	G	-	ARO_3001874	846
ARO_3003163	851	C	-	ARO_3001874	846
ARO_3003163	852	T	-	ARO_3001874	846
ARO_3003163	853	A	-	ARO_3001874	846
ARO_3003163	854	A	-	ARO_3001874	846
ARO_3003163	855	A	-	ARO_3001874	846
ARO_3003163	856	A	-	ARO_3001874	846
ARO_3003163	857	T	-	ARO_3001874	846
ARO_3003163	858	C	-	ARO_3001874	846
ARO_3003163	859	G	-	ARO_3001874	846
ARO_3003163	860	T	-	ARO_3001874	846
ARO_3003163	861	C	-	ARO_3001874	846
ARO_3003163	862	A	-	ARO_3001874	846
ARO_3003163	863	C	-	ARO_3001874	846
ARO_3003163	864	C	-	ARO_3001874	846
ARO_3003163	865	G	-	ARO_3001874	846
ARO_3003163	866	A	-	ARO_3001874	846
ARO_3003163	867	C	-	ARO_3001874	846
ARO_3003163	868	G	-	ARO_3001874	846
ARO_3003163	869	G	-	ARO_3001874	846
ARO_3003163	870	T	-	ARO_3001874	846
ARO_3003163	871	T	-	ARO_3001874	846
ARO_3003163	872	T	-	ARO_3001874	846
ARO_3003163	873	G	-	ARO_3001874	846
ARO_3003163	874	T	-	ARO_3001874	846
ARO_3003163	875	A	-	ARO_3001874	846
ARO_3003163	876	A	-	ARO_3001874	846
ARO_3003163	377	G	T	ARO_3001960	876
ARO_3003163	501	C	T	ARO_3001960	876
ARO_3003163	506	C	A	ARO_3001960	876
ARO_3003163	848	G	C	ARO_3001960	876
ARO_3003163	849	C	G	ARO_3001960	876
ARO_3003163	21	C	T	ARO_3001898	876
ARO_3003163	138	C	A	ARO_3001898	876
ARO_3003163	313	C	T	ARO_3001898	876
ARO_3003163	315	T	G	ARO_3001898	876
ARO_3003163	349	A	G	ARO_3001898	876
ARO_3003163	427	G	T	ARO_3001898	876
ARO_3003163	501	C	T	ARO_3001898	876
ARO_3003163	506	C	A	ARO_3001898	876
ARO_3003163	582	G	T	ARO_3001898	876
ARO_3003163	609	C	T	ARO_3001898	876
ARO_3003163	725	G	A	ARO_3001898	876
ARO_3003163	848	G	C	ARO_3001898	876
ARO_3003163	849	C	G	ARO_3001898	876
ARO_3003163	865	G	A	ARO_3001898	876
ARO_3003163	21	C	T	ARO_3001864	876
ARO_3003163	138	C	A	ARO_3001864	876
ARO_3003163	239	C	T	ARO_3001864	876
ARO_3003163	313	C	T	ARO_3001864	876
ARO_3003163	315	T	G	ARO_3001864	876
ARO_3003163	349	A	G	ARO_3001864	876
ARO_3003163	427	G	T	ARO_3001864	876
ARO_3003163	501	C	T	ARO_3001864	876
ARO_3003163	506	C	A	ARO_3001864	876
ARO_3003163	582	G	T	ARO_3001864	876
ARO_3003163	609	C	T	ARO_3001864	876
ARO_3003163	725	G	A	ARO_3001864	876
ARO_3003163	848	G	C	ARO_3001864	876
ARO_3003163	849	C	G	ARO_3001864	876
ARO_3003163	865	G	A	ARO_3001864	876
ARO_3003163	33	G	C	ARO_3001892	876
ARO_3003163	46	A	G	ARO_3001892	876
ARO_3003163	147	T	G	ARO_3001892	876
ARO_3003163	165	A	T	ARO_3001892	876
ARO_3003163	168	A	G	ARO_3001892	876
ARO_3003163	315	T	G	ARO_3001892	876
ARO_3003163	349	A	G	ARO_3001892	876
ARO_3003163	501	C	T	ARO_3001892	876
ARO_3003163	506	C	A	ARO_3001892	876
ARO_3003163	582	G	C	ARO_3001892	876
ARO_3003163	678	T	A	ARO_3001892	876
ARO_3003163	725	G	A	ARO_3001892	876
ARO_3003163	756	C	T	ARO_3001892	876
ARO_3003163	831	C	T	ARO_3001892	876
ARO_3003163	848	G	C	ARO_3001892	876
ARO_3003163	849	C	G	ARO_3001892	876
ARO_3003163	239	C	T	ARO_3001930	876
ARO_3003163	501	C	T	ARO_3001930	876
ARO_3003163	506	C	A	ARO_3001930	876
ARO_3003163	816	G	C	ARO_3001930	876
ARO_3003163	848	G	C	ARO_3001930	876
ARO_3003163	849	C	G	ARO_3001930	876
ARO_3003163	865	G	A	ARO_3001930	876
ARO_3003163	208	G	C	ARO_3001943	876
ARO_3003163	501	C	T	ARO_3001943	876
ARO_3003163	506	C	A	ARO_3001943	876
ARO_3003163	848	G	C	ARO_3001943	876
ARO_3003163	849	C	G	ARO_3001943	876
ARO_3003163	501	C	T	ARO_3001977	876
ARO_3003163	506	C	A	ARO_3001977	876
ARO_3003163	530	C	A	ARO_3001977	876
ARO_3003163	848	G	C	ARO_3001977	876
ARO_3003163	849	C	G	ARO_3001977	876
ARO_3003163	92	C	T	ARO_3001896	876
ARO_3003163	125	G	A	ARO_3001896	876
ARO_3003163	138	C	A	ARO_3001896	876
ARO_3003163	141	A	G	ARO_3001896	876
ARO_3003163	165	A	G	ARO_3001896	876
ARO_3003163	168	A	G	ARO_3001896	876
ARO_3003163	294	T	C	ARO_3001896	876
ARO_3003163	315	T	G	ARO_3001896	876
ARO_3003163	342	G	A	ARO_3001896	876
ARO_3003163	375	T	C	ARO_3001896	876
ARO_3003163	453	C	T	ARO_3001896	876
ARO_3003163	501	C	T	ARO_3001896	876
ARO_3003163	506	C	A	ARO_3001896	876
ARO_3003163	531	G	T	ARO_3001896	876
ARO_3003163	576	T	G	ARO_3001896	876
ARO_3003163	582	G	T	ARO_3001896	876
ARO_3003163	609	C	T	ARO_3001896	876
ARO_3003163	636	A	G	ARO_3001896	876
ARO_3003163	654	C	T	ARO_3001896	876
ARO_3003163	669	C	T	ARO_3001896	876
ARO_3003163	721	G	T	ARO_3001896	876
ARO_3003163	725	G	A	ARO_3001896	876
ARO_3003163	732	C	T	ARO_3001896	876
ARO_3003163	756	C	T	ARO_3001896	876
ARO_3003163	807	T	C	ARO_3001896	876
ARO_3003163	848	G	C	ARO_3001896	876
ARO_3003163	849	C	G	ARO_3001896	876
ARO_3003163	239	C	T	ARO_3001917	876
ARO_3003163	501	C	T	ARO_3001917	876
ARO_3003163	506	C	A	ARO_3001917	876
ARO_3003163	848	G	C	ARO_3001917	876
ARO_3003163	849	C	G	ARO_3001917	876
ARO_3003163	21	C	T	ARO_3003166	876
ARO_3003163	138	C	A	ARO_3003166	876
ARO_3003163	239	C	T	ARO_3003166	876
ARO_3003163	313	C	T	ARO_3003166	876
ARO_3003163	315	T	G	ARO_3003166	876
ARO_3003163	349	A	G	ARO_3003166	876
ARO_3003163	380	C	T	ARO_3003166	876
ARO_3003163	427	G	T	ARO_3003166	876
ARO_3003163	501	C	T	ARO_3003166	876
ARO_3003163	506	C	A	ARO_3003166	876
ARO_3003163	582	G	T	ARO_3003166	876
ARO_3003163	609	C	T	ARO_3003166	876
ARO_3003163	725	G	A	ARO_3003166	876
ARO_3003163	848	G	C	ARO_3003166	876
ARO_3003163	849	C	G	ARO_3003166	876
ARO_3003163	865	G	A	ARO_3003166	876
ARO_3003163	60	G	A	ARO_3001929	876
ARO_3003163	79	T	C	ARO_3001929	876
ARO_3003163	92	C	T	ARO_3001929	876
ARO_3003163	138	C	A	ARO_3001929	876
ARO_3003163	141	A	G	ARO_3001929	876
ARO_3003163	165	A	G	ARO_3001929	876
ARO_3003163	168	A	G	ARO_3001929	876
ARO_3003163	204	C	T	ARO_3001929	876
ARO_3003163	252	G	A	ARO_3001929	876
ARO_3003163	294	T	C	ARO_3001929	876
ARO_3003163	315	T	G	ARO_3001929	876
ARO_3003163	375	T	C	ARO_3001929	876
ARO_3003163	405	C	T	ARO_3001929	876
ARO_3003163	480	C	T	ARO_3001929	876
ARO_3003163	483	A	C	ARO_3001929	876
ARO_3003163	506	C	A	ARO_3001929	876
ARO_3003163	531	G	T	ARO_3001929	876
ARO_3003163	564	A	G	ARO_3001929	876
ARO_3003163	576	T	G	ARO_3001929	876
ARO_3003163	582	G	T	ARO_3001929	876
ARO_3003163	603	A	G	ARO_3001929	876
ARO_3003163	636	A	G	ARO_3001929	876
ARO_3003163	654	C	T	ARO_3001929	876
ARO_3003163	663	A	C	ARO_3001929	876
ARO_3003163	669	C	T	ARO_3001929	876
ARO_3003163	725	G	A	ARO_3001929	876
ARO_3003163	732	C	T	ARO_3001929	876
ARO_3003163	756	C	T	ARO_3001929	876
ARO_3003163	848	G	C	ARO_3001929	876
ARO_3003163	849	C	G	ARO_3001929	876
ARO_3003163	94	G	A	ARO_3002000	876
ARO_3003163	501	C	T	ARO_3002000	876
ARO_3003163	506	C	A	ARO_3002000	876
ARO_3003163	848	G	C	ARO_3002000	876
ARO_3003163	849	C	G	ARO_3002000	876
ARO_3003163	80	A	T	ARO_3001997	876
ARO_3003163	501	C	T	ARO_3001997	876
ARO_3003163	506	C	A	ARO_3001997	876
ARO_3003163	848	G	C	ARO_3001997	876
ARO_3003163	849	C	G	ARO_3001997	876
ARO_3003163	21	C	T	ARO_3001922	876
ARO_3003163	138	C	A	ARO_3001922	876
ARO_3003163	239	C	T	ARO_3001922	876
ARO_3003163	313	C	T	ARO_3001922	876
ARO_3003163	315	T	G	ARO_3001922	876
ARO_3003163	349	A	G	ARO_3001922	876
ARO_3003163	427	G	T	ARO_3001922	876
ARO_3003163	501	C	T	ARO_3001922	876
ARO_3003163	506	C	A	ARO_3001922	876
ARO_3003163	582	G	T	ARO_3001922	876
ARO_3003163	609	C	T	ARO_3001922	876
ARO_3003163	725	G	A	ARO_3001922	876
ARO_3003163	848	G	C	ARO_3001922	876
ARO_3003163	849	C	G	ARO_3001922	876
ARO_3003163	501	C	T	ARO_3001916	876
ARO_3003163	506	C	A	ARO_3001916	876
ARO_3003163	509	C	A	ARO_3001916	876
ARO_3003163	725	G	A	ARO_3001916	876
ARO_3003163	848	G	C	ARO_3001916	876
ARO_3003163	849	C	G	ARO_3001916	876
ARO_3003163	501	C	T	ARO_3001884	876
ARO_3003163	506	C	A	ARO_3001884	876
ARO_3003163	725	G	A	ARO_3001884	876
ARO_3003163	848	G	C	ARO_3001884	876
ARO_3003163	849	C	G	ARO_3001884	876
ARO_3003163	865	G	A	ARO_3001884	876
ARO_3003163	230	T	C	ARO_3001974	876
ARO_3003163	239	C	T	ARO_3001974	876
ARO_3003163	501	C	T	ARO_3001974	876
ARO_3003163	506	C	A	ARO_3001974	876
ARO_3003163	848	G	C	ARO_3001974	876
ARO_3003163	849	C	G	ARO_3001974	876
ARO_3003163	21	C	T	ARO_3001890	876
ARO_3003163	501	C	T	ARO_3001890	876
ARO_3003163	506	C	A	ARO_3001890	876
ARO_3003163	848	G	C	ARO_3001890	876
ARO_3003163	849	C	G	ARO_3001890	876
ARO_3003163	865	G	A	ARO_3001890	876
ARO_3003163	326	A	G	ARO_3001895	876
ARO_3003163	501	C	T	ARO_3001895	876
ARO_3003163	506	C	A	ARO_3001895	876
ARO_3003163	848	G	C	ARO_3001895	876
ARO_3003163	849	C	G	ARO_3001895	876
ARO_3003163	46	A	G	ARO_3001956	876
ARO_3003163	168	A	G	ARO_3001956	876
ARO_3003163	207	T	C	ARO_3001956	876
ARO_3003163	275	A	G	ARO_3001956	876
ARO_3003163	315	T	G	ARO_3001956	876
ARO_3003163	501	C	T	ARO_3001956	876
ARO_3003163	506	C	A	ARO_3001956	876
ARO_3003163	678	T	A	ARO_3001956	876
ARO_3003163	756	C	T	ARO_3001956	876
ARO_3003163	835	G	A	ARO_3001956	876
ARO_3003163	848	G	C	ARO_3001956	876
ARO_3003163	849	C	G	ARO_3001956	876
ARO_3003163	501	C	T	ARO_3003165	876
ARO_3003163	848	G	C	ARO_3003165	876
ARO_3003163	849	C	G	ARO_3003165	876
ARO_3003163	90	G	C	ARO_3001941	876
ARO_3003163	92	C	T	ARO_3001941	876
ARO_3003163	501	C	T	ARO_3001941	876
ARO_3003163	506	C	A	ARO_3001941	876
ARO_3003163	725	G	A	ARO_3001941	876
ARO_3003163	848	G	C	ARO_3001941	876
ARO_3003163	849	C	G	ARO_3001941	876
ARO_3003163	501	C	T	ARO_3001866	876
ARO_3003163	506	C	A	ARO_3001866	876
ARO_3003163	725	G	A	ARO_3001866	876
ARO_3003163	848	G	C	ARO_3001866	876
ARO_3003163	849	C	G	ARO_3001866	876
ARO_3003163	239	C	T	ARO_3001914	876
ARO_3003163	501	C	T	ARO_3001914	876
ARO_3003163	506	C	A	ARO_3001914	876
ARO_3003163	508	C	T	ARO_3001914	876
ARO_3003163	725	G	A	ARO_3001914	876
ARO_3003163	848	G	C	ARO_3001914	876
ARO_3003163	849	C	G	ARO_3001914	876
ARO_3003163	46	A	G	ARO_3001921	876
ARO_3003163	168	A	G	ARO_3001921	876
ARO_3003163	207	T	C	ARO_3001921	876
ARO_3003163	239	C	T	ARO_3001921	876
ARO_3003163	275	A	G	ARO_3001921	876
ARO_3003163	315	T	G	ARO_3001921	876
ARO_3003163	501	C	T	ARO_3001921	876
ARO_3003163	506	C	A	ARO_3001921	876
ARO_3003163	678	T	A	ARO_3001921	876
ARO_3003163	725	G	A	ARO_3001921	876
ARO_3003163	756	C	T	ARO_3001921	876
ARO_3003163	835	G	A	ARO_3001921	876
ARO_3003163	848	G	C	ARO_3001921	876
ARO_3003163	849	C	G	ARO_3001921	876
ARO_3003163	501	C	T	ARO_3001962	876
ARO_3003163	506	C	A	ARO_3001962	876
ARO_3003163	719	G	A	ARO_3001962	876
ARO_3003163	848	G	C	ARO_3001962	876
ARO_3003163	849	C	G	ARO_3001962	876
ARO_3003163	21	C	T	ARO_3001894	876
ARO_3003163	138	C	A	ARO_3001894	876
ARO_3003163	239	C	T	ARO_3001894	876
ARO_3003163	313	C	T	ARO_3001894	876
ARO_3003163	315	T	G	ARO_3001894	876
ARO_3003163	349	A	G	ARO_3001894	876
ARO_3003163	427	G	T	ARO_3001894	876
ARO_3003163	501	C	T	ARO_3001894	876
ARO_3003163	506	C	A	ARO_3001894	876
ARO_3003163	582	G	T	ARO_3001894	876
ARO_3003163	609	C	T	ARO_3001894	876
ARO_3003163	848	G	C	ARO_3001894	876
ARO_3003163	849	C	G	ARO_3001894	876
ARO_3003163	865	G	A	ARO_3001894	876
ARO_3003163	501	C	T	ARO_3003164	876
ARO_3003163	506	C	A	ARO_3003164	876
ARO_3003163	816	G	C	ARO_3003164	876
ARO_3003163	848	G	C	ARO_3003164	876
ARO_3003163	849	C	G	ARO_3003164	876
ARO_3003163	501	C	T	ARO_3001932	876
ARO_3003163	506	C	A	ARO_3001932	876
ARO_3003163	721	G	T	ARO_3001932	876
ARO_3003163	848	G	C	ARO_3001932	876
ARO_3003163	849	C	G	ARO_3001932	876
ARO_3003163	92	C	T	ARO_3001915	876
ARO_3003163	125	G	A	ARO_3001915	876
ARO_3003163	138	C	A	ARO_3001915	876
ARO_3003163	141	A	G	ARO_3001915	876
ARO_3003163	165	A	G	ARO_3001915	876
ARO_3003163	168	A	G	ARO_3001915	876
ARO_3003163	239	C	T	ARO_3001915	876
ARO_3003163	294	T	C	ARO_3001915	876
ARO_3003163	315	T	G	ARO_3001915	876
ARO_3003163	342	G	A	ARO_3001915	876
ARO_3003163	375	T	C	ARO_3001915	876
ARO_3003163	453	C	T	ARO_3001915	876
ARO_3003163	501	C	T	ARO_3001915	876
ARO_3003163	506	C	A	ARO_3001915	876
ARO_3003163	531	G	T	ARO_3001915	876
ARO_3003163	576	T	G	ARO_3001915	876
ARO_3003163	582	G	T	ARO_3001915	876
ARO_3003163	609	C	T	ARO_3001915	876
ARO_3003163	636	A	G	ARO_3001915	876
ARO_3003163	654	C	T	ARO_3001915	876
ARO_3003163	669	C	T	ARO_3001915	876
ARO_3003163	732	C	T	ARO_3001915	876
ARO_3003163	756	C	T	ARO_3001915	876
ARO_3003163	791	C	T	ARO_3001915	876
ARO_3003163	807	T	C	ARO_3001915	876
ARO_3003163	848	G	C	ARO_3001915	876
ARO_3003163	849	C	G	ARO_3001915	876
ARO_3003163	876	A	-	ARO_3001915	876
ARO_3003163	239	C	T	ARO_3001940	876
ARO_3003163	501	C	T	ARO_3001940	876
ARO_3003163	506	C	A	ARO_3001940	876
ARO_3003163	848	G	C	ARO_3001940	876
ARO_3003163	849	C	G	ARO_3001940	876
ARO_3003163	865	G	A	ARO_3001940	876
ARO_3003163	68	G	A	ARO_3001927	876
ARO_3003163	501	C	T	ARO_3001927	876
ARO_3003163	506	C	A	ARO_3001927	876
ARO_3003163	725	G	A	ARO_3001927	876
ARO_3003163	848	G	C	ARO_3001927	876
ARO_3003163	849	C	G	ARO_3001927	876
ARO_3003163	21	C	T	ARO_3001885	876
ARO_3003163	138	C	A	ARO_3001885	876
ARO_3003163	139	A	C	ARO_3001885	876
ARO_3003163	239	C	T	ARO_3001885	876
ARO_3003163	313	C	T	ARO_3001885	876
ARO_3003163	315	T	G	ARO_3001885	876
ARO_3003163	501	C	T	ARO_3001885	876
ARO_3003163	506	C	A	ARO_3001885	876
ARO_3003163	508	C	A	ARO_3001885	876
ARO_3003163	609	C	G	ARO_3001885	876
ARO_3003163	725	G	A	ARO_3001885	876
ARO_3003163	848	G	C	ARO_3001885	876
ARO_3003163	849	C	G	ARO_3001885	876
ARO_3003163	865	G	A	ARO_3001885	876
ARO_3003163	239	C	T	ARO_3002002	876
ARO_3003163	501	C	T	ARO_3002002	876
ARO_3003163	506	C	A	ARO_3002002	876
ARO_3003163	539	C	T	ARO_3002002	876
ARO_3003163	848	G	C	ARO_3002002	876
ARO_3003163	849	C	G	ARO_3002002	876
ARO_3003163	46	A	G	ARO_3001875	876
ARO_3003163	168	A	G	ARO_3001875	876
ARO_3003163	207	T	C	ARO_3001875	876
ARO_3003163	275	A	G	ARO_3001875	876
ARO_3003163	315	T	G	ARO_3001875	876
ARO_3003163	501	C	T	ARO_3001875	876
ARO_3003163	506	C	A	ARO_3001875	876
ARO_3003163	678	T	A	ARO_3001875	876
ARO_3003163	725	G	A	ARO_3001875	876
ARO_3003163	756	C	T	ARO_3001875	876
ARO_3003163	835	G	A	ARO_3001875	876
ARO_3003163	848	G	C	ARO_3001875	876
ARO_3003163	849	C	G	ARO_3001875	876
ARO_3003163	499	C	G	ARO_3001933	876
ARO_3003163	501	C	T	ARO_3001933	876
ARO_3003163	506	C	A	ARO_3001933	876
ARO_3003163	725	G	A	ARO_3001933	876
ARO_3003163	848	G	C	ARO_3001933	876
ARO_3003163	849	C	G	ARO_3001933	876
ARO_3003163	21	C	T	ARO_3001976	876
ARO_3003163	138	C	A	ARO_3001976	876
ARO_3003163	139	A	C	ARO_3001976	876
ARO_3003163	239	C	T	ARO_3001976	876
ARO_3003163	501	C	T	ARO_3001976	876
ARO_3003163	506	C	A	ARO_3001976	876
ARO_3003163	725	G	A	ARO_3001976	876
ARO_3003163	848	G	C	ARO_3001976	876
ARO_3003163	849	C	G	ARO_3001976	876
ARO_3003163	865	G	A	ARO_3001976	876
ARO_3003163	219	C	T	ARO_3001995	876
ARO_3003163	239	C	T	ARO_3001995	876
ARO_3003163	501	C	T	ARO_3001995	876
ARO_3003163	506	C	A	ARO_3001995	876
ARO_3003163	725	G	A	ARO_3001995	876
ARO_3003163	778	C	T	ARO_3001995	876
ARO_3003163	848	G	C	ARO_3001995	876
ARO_3003163	849	C	G	ARO_3001995	876
ARO_3003163	46	A	G	ARO_3001891	876
ARO_3003163	147	T	G	ARO_3001891	876
ARO_3003163	165	A	T	ARO_3001891	876
ARO_3003163	168	A	G	ARO_3001891	876
ARO_3003163	315	T	G	ARO_3001891	876
ARO_3003163	349	A	G	ARO_3001891	876
ARO_3003163	501	C	T	ARO_3001891	876
ARO_3003163	506	C	A	ARO_3001891	876
ARO_3003163	848	G	C	ARO_3001891	876
ARO_3003163	849	C	G	ARO_3001891	876
ARO_3003163	865	G	A	ARO_3001891	876
ARO_3003163	92	C	T	ARO_3001873	876
ARO_3003163	125	G	A	ARO_3001873	876
ARO_3003163	138	C	A	ARO_3001873	876
ARO_3003163	141	A	G	ARO_3001873	876
ARO_3003163	165	A	G	ARO_3001873	876
ARO_3003163	168	A	G	ARO_3001873	876
ARO_3003163	294	T	C	ARO_3001873	876
ARO_3003163	315	T	G	ARO_3001873	876
ARO_3003163	342	G	A	ARO_3001873	876
ARO_3003163	375	T	C	ARO_3001873	876
ARO_3003163	453	C	T	ARO_3001873	876
ARO_3003163	501	C	T	ARO_3001873	876
ARO_3003163	506	C	A	ARO_3001873	876
ARO_3003163	531	G	T	ARO_3001873	876
ARO_3003163	576	T	G	ARO_3001873	876
ARO_3003163	582	G	T	ARO_3001873	876
ARO_3003163	609	C	T	ARO_3001873	876
ARO_3003163	636	A	G	ARO_3001873	876
ARO_3003163	654	C	T	ARO_3001873	876
ARO_3003163	669	C	T	ARO_3001873	876
ARO_3003163	725	G	A	ARO_3001873	876
ARO_3003163	732	C	T	ARO_3001873	876
ARO_3003163	756	C	T	ARO_3001873	876
ARO_3003163	807	T	C	ARO_3001873	876
ARO_3003163	848	G	C	ARO_3001873	876
ARO_3003163	849	C	G	ARO_3001873	876
ARO_3003163	79	T	C	ARO_3001899	876
ARO_3003163	125	G	A	ARO_3001899	876
ARO_3003163	138	C	A	ARO_3001899	876
ARO_3003163	141	A	G	ARO_3001899	876
ARO_3003163	168	A	G	ARO_3001899	876
ARO_3003163	195	T	A	ARO_3001899	876
ARO_3003163	315	T	G	ARO_3001899	876
ARO_3003163	349	A	G	ARO_3001899	876
ARO_3003163	506	C	A	ARO_3001899	876
ARO_3003163	522	C	A	ARO_3001899	876
ARO_3003163	576	T	G	ARO_3001899	876
ARO_3003163	582	G	T	ARO_3001899	876
ARO_3003163	609	C	T	ARO_3001899	876
ARO_3003163	636	A	G	ARO_3001899	876
ARO_3003163	654	C	T	ARO_3001899	876
ARO_3003163	725	G	A	ARO_3001899	876
ARO_3003163	732	C	T	ARO_3001899	876
ARO_3003163	756	C	T	ARO_3001899	876
ARO_3003163	807	T	C	ARO_3001899	876
ARO_3003163	848	G	C	ARO_3001899	876
ARO_3003163	849	C	G	ARO_3001899	876
ARO_3003163	876	A	-	ARO_3001899	876
ARO_3003163	21	C	T	ARO_3001923	876
ARO_3003163	138	C	A	ARO_3001923	876
ARO_3003163	147	T	G	ARO_3001923	876
ARO_3003163	168	A	G	ARO_3001923	876
ARO_3003163	207	T	C	ARO_3001923	876
ARO_3003163	315	T	G	ARO_3001923	876
ARO_3003163	501	C	T	ARO_3001923	876
ARO_3003163	506	C	A	ARO_3001923	876
ARO_3003163	508	C	T	ARO_3001923	876
ARO_3003163	678	T	A	ARO_3001923	876
ARO_3003163	725	G	A	ARO_3001923	876
ARO_3003163	756	C	T	ARO_3001923	876
ARO_3003163	848	G	C	ARO_3001923	876
ARO_3003163	849	C	G	ARO_3001923	876
ARO_3003163	501	C	T	ARO_3001878	876
ARO_3003163	506	C	A	ARO_3001878	876
ARO_3003163	848	G	C	ARO_3001878	876
ARO_3003163	849	C	G	ARO_3001878	876
ARO_3003163	19	C	A	ARO_3003646	876
ARO_3003163	501	C	T	ARO_3003646	876
ARO_3003163	506	C	A	ARO_3003646	876
ARO_3003163	725	G	A	ARO_3003646	876
ARO_3003163	848	G	C	ARO_3003646	876
ARO_3003163	849	C	G	ARO_3003646	876
ARO_3003163	19	C	A	ARO_3003647	876
ARO_3003163	501	C	T	ARO_3003647	876
ARO_3003163	506	C	A	ARO_3003647	876
ARO_3003163	848	G	C	ARO_3003647	876
ARO_3003163	849	C	G	ARO_3003647	876
ARO_3003163	22	C	A	ARO_3003648	876
ARO_3003163	239	C	T	ARO_3003648	876
ARO_3003163	501	C	T	ARO_3003648	876
ARO_3003163	506	C	A	ARO_3003648	876
ARO_3003163	848	G	C	ARO_3003648	876
ARO_3003163	849	C	G	ARO_3003648	876
ARO_3003163	21	C	T	ARO_3003650	876
ARO_3003163	138	C	A	ARO_3003650	876
ARO_3003163	239	C	T	ARO_3003650	876
ARO_3003163	313	C	T	ARO_3003650	876
ARO_3003163	315	T	G	ARO_3003650	876
ARO_3003163	349	A	G	ARO_3003650	876
ARO_3003163	368	C	T	ARO_3003650	876
ARO_3003163	427	G	T	ARO_3003650	876
ARO_3003163	501	C	T	ARO_3003650	876
ARO_3003163	506	C	A	ARO_3003650	876
ARO_3003163	582	G	T	ARO_3003650	876
ARO_3003163	609	C	T	ARO_3003650	876
ARO_3003163	725	G	A	ARO_3003650	876
ARO_3003163	848	G	C	ARO_3003650	876
ARO_3003163	849	C	G	ARO_3003650	876
ARO_3003163	865	G	A	ARO_3003650	876
ARO_3003163	1	A	-	ARO_3001967	864
ARO_3003163	2	T	-	ARO_3001967	864
ARO_3003163	21	C	T	ARO_3001967	864
ARO_3003163	501	C	T	ARO_3001967	864
ARO_3003163	506	C	A	ARO_3001967	864
ARO_3003163	710	A	G	ARO_3001967	864
ARO_3003163	848	G	C	ARO_3001967	864
ARO_3003163	849	C	G	ARO_3001967	864
ARO_3003163	865	G	-	ARO_3001967	864
ARO_3003163	866	A	-	ARO_3001967	864
ARO_3003163	867	C	-	ARO_3001967	864
ARO_3003163	868	G	-	ARO_3001967	864
ARO_3003163	869	G	-	ARO_3001967	864
ARO_3003163	870	T	-	ARO_3001967	864
ARO_3003163	871	T	-	ARO_3001967	864
ARO_3003163	872	T	-	ARO_3001967	864
ARO_3003163	873	G	-	ARO_3001967	864
ARO_3003163	874	T	-	ARO_3001967	864
ARO_3003163	875	A	-	ARO_3001967	864
ARO_3003163	876	A	-	ARO_3001967	864
ARO_3003163	1	A	-	ARO_3001968	864
ARO_3003163	2	T	-	ARO_3001968	864
ARO_3003163	21	C	T	ARO_3001968	864
ARO_3003163	293	T	C	ARO_3001968	864
ARO_3003163	501	C	T	ARO_3001968	864
ARO_3003163	506	C	A	ARO_3001968	864
ARO_3003163	848	G	C	ARO_3001968	864
ARO_3003163	849	C	G	ARO_3001968	864
ARO_3003163	865	G	-	ARO_3001968	864
ARO_3003163	866	A	-	ARO_3001968	864
ARO_3003163	867	C	-	ARO_3001968	864
ARO_3003163	868	G	-	ARO_3001968	864
ARO_3003163	869	G	-	ARO_3001968	864
ARO_3003163	870	T	-	ARO_3001968	864
ARO_3003163	871	T	-	ARO_3001968	864
ARO_3003163	872	T	-	ARO_3001968	864
ARO_3003163	873	G	-	ARO_3001968	864
ARO_3003163	874	T	-	ARO_3001968	864
ARO_3003163	875	A	-	ARO_3001968	864
ARO_3003163	876	A	-	ARO_3001968	864
ARO_3003163	1	A	-	ARO_3001969	865
ARO_3003163	2	T	-	ARO_3001969	865
ARO_3003163	21	C	T	ARO_3001969	865
ARO_3003163	179	A	G	ARO_3001969	865
ARO_3003163	501	C	T	ARO_3001969	865
ARO_3003163	506	C	A	ARO_3001969	865
ARO_3003163	848	G	C	ARO_3001969	865
ARO_3003163	849	C	G	ARO_3001969	865
ARO_3003163	865	G	-	ARO_3001969	865
ARO_3003163	866	A	-	ARO_3001969	865
ARO_3003163	867	C	-	ARO_3001969	865
ARO_3003163	868	G	-	ARO_3001969	865
ARO_3003163	869	G	-	ARO_3001969	865
ARO_3003163	870	T	-	ARO_3001969	865
ARO_3003163	871	T	-	ARO_3001969	865
ARO_3003163	872	T	-	ARO_3001969	865
ARO_3003163	873	G	-	ARO_3001969	865
ARO_3003163	874	T	-	ARO_3001969	865
ARO_3003163	875	A	-	ARO_3001969	865
ARO_3003163	876	A	-	ARO_3001969	865
